label,time,temp,hum
OK,0.199691,33.120792,50.073242
OK,0.279183,33.083782,50.10783
KO,0.309777,32.121468,44.760227
OK,0.358675,33.102287,50.218517
KO,0.389199,32.139973,44.867455
OK,0.438167,33.139301,50.073242
KO,0.468622,32.139973,44.829407
OK,0.517659,33.139301,50.093994
KO,0.548044,32.176987,45.005814
OK,0.597151,33.139301,49.972931
KO,0.627467,32.176987,44.836323
OK,0.676643,33.120792,50.183929
KO,0.706889,32.139973,45.012733
OK,0.756135,33.157806,50.17701
KO,0.786312,32.213997,44.822487
OK,0.835627,33.157806,50.055946
KO,0.865734,32.176987,44.874374
OK,0.915119,33.139301,50.118206
KO,0.945157,32.232502,44.863995
OK,0.994612,33.194817,50.232353
KO,1.024579,32.213997,44.694508
OK,1.074104,33.176311,49.976387
KO,1.104001,32.232502,44.908962
OK,1.153596,33.176311,50.076698
KO,1.183424,32.213997,44.819031
OK,1.233088,33.176311,50.010979
KO,1.262846,32.232502,44.95393
OK,1.31258,33.157806,50.10783
KO,1.342269,32.269516,44.943554
OK,1.392072,33.176311,50.066322
KO,1.421691,32.213997,44.981602
OK,1.471564,33.176311,49.993683
KO,1.501114,32.269516,44.974686
OK,1.551056,33.176311,50.083618
KO,1.580536,32.195492,44.746391
OK,1.630548,33.157806,50.232353
KO,1.659958,32.195492,44.760227
OK,1.71004,33.213326,49.997143
KO,1.739381,32.213997,44.857079
OK,1.789532,33.157806,50.028275
KO,1.818803,32.251011,44.988522
OK,1.869024,33.176311,50.052486
KO,1.898226,32.232502,44.777523
OK,1.948516,33.213326,50.021355
KO,1.977648,32.232502,44.819031
OK,2.028008,33.194817,50.135502
KO,2.057071,32.232502,44.780979
OK,2.1075,33.176311,50.159714
KO,2.136493,32.232502,44.995438
OK,2.186992,33.231831,49.993683
KO,2.215916,32.213997,44.912422
OK,2.266493,33.194817,50.069782
KO,2.295338,32.195492,44.96085
OK,2.345994,33.176311,50.125126
KO,2.374755,32.269516,44.940094
OK,2.425496,33.213326,50.073242
KO,2.454172,32.232502,44.877831
OK,2.504997,33.194817,50.059406
KO,2.53359,32.232502,44.929718
OK,2.584498,33.194817,50.125126
KO,2.613007,32.269516,44.843243
OK,2.663999,33.194817,49.896832
KO,2.692424,32.232502,44.88821
OK,2.7435,33.231831,50.249649
KO,2.771841,32.232502,44.732555
OK,2.823001,33.231831,50.260025
KO,2.851258,32.251011,44.978142
OK,2.902502,33.157806,49.827652
KO,2.930675,32.232502,44.926258
OK,2.982003,33.231831,50.055946
KO,3.010093,32.251011,44.915882
OK,3.061504,33.268841,50.083618
KO,3.08951,32.251011,44.936634
OK,3.141005,33.231831,50.052486
KO,3.168927,32.232502,44.967766
OK,3.220506,33.231831,50.017895
KO,3.248344,32.288021,44.863995
OK,3.300007,33.231831,49.969471
KO,3.327761,32.269516,44.867455
OK,3.379508,33.231831,50.017895
KO,3.407179,32.232502,44.998898
OK,3.459009,33.250336,50.024815
KO,3.486596,32.232502,44.926258
OK,3.53851,33.231831,50.125126
KO,3.566013,32.251011,44.919342
OK,3.618011,33.231831,50.17355
KO,3.64543,32.251011,44.877831
OK,3.697512,33.250336,50.128586
KO,3.724847,32.288021,44.843243
OK,3.777013,33.213326,50.100914
KO,3.804264,32.269516,44.88129
OK,3.856514,33.250336,50.170094
KO,3.883682,32.288021,44.863995
OK,3.936016,33.28735,50.163174
KO,3.963099,32.288021,44.857079
OK,4.015517,33.250336,49.976387
KO,4.042516,32.288021,44.819031
OK,4.095018,33.231831,49.955635
KO,4.121933,32.306526,44.995438
OK,4.174519,33.231831,50.055946
KO,4.20135,32.251011,45.009274
OK,4.25403,33.231831,50.187386
KO,4.280768,32.251011,45.036945
OK,4.333542,33.250336,49.969471
KO,4.360198,32.288021,44.995438
OK,4.413053,33.250336,50.221977
KO,4.439629,32.288021,44.863995
OK,4.492565,33.213326,49.813816
KO,4.519059,32.288021,45.01965
OK,4.572077,33.231831,49.983307
KO,4.59849,32.269516,45.005814
OK,4.651588,33.231831,50.028275
KO,4.67792,32.306526,44.95393
OK,4.7311,33.213326,50.204681
KO,4.757351,32.288021,44.874374
OK,4.810611,33.250336,50.121666
KO,4.836781,32.306526,44.767143
OK,4.890123,33.268841,50.194305
KO,4.916212,32.288021,44.777523
OK,4.969634,33.250336,49.990223
KO,4.995642,32.269516,44.926258
OK,5.049146,33.28735,50.007519
KO,5.075073,32.306526,44.95047
OK,5.128657,33.250336,50.007519
KO,5.154503,32.269516,44.832867
OK,5.208169,33.28735,50.253109
KO,5.233934,32.288021,44.898586
OK,5.287681,33.268841,49.976387
KO,5.313364,32.269516,44.812111
OK,5.367192,33.268841,50.18047
KO,5.392795,32.306526,44.850159
OK,5.446704,33.268841,50.04557
KO,5.472225,32.288021,44.798275
OK,5.526215,33.213326,50.04557
KO,5.551656,32.251011,44.95739
OK,5.605727,33.268841,50.097454
KO,5.631086,32.288021,44.88821
OK,5.685238,33.268841,50.090534
KO,5.710517,32.288021,45.043865
OK,5.76475,33.32436,50.062862
KO,5.789947,32.34354,44.787899
OK,5.844262,33.305855,50.073242
KO,5.869378,32.325035,44.95047
OK,5.923773,33.231831,49.955635
KO,5.948808,32.325035,44.936634
OK,6.003285,33.305855,49.993683
KO,6.028239,32.306526,44.902046
OK,6.082796,33.231831,49.983307
KO,6.107669,32.306526,44.895126
OK,6.162308,33.268841,50.073242
KO,6.1871,32.306526,44.704884
OK,6.241811,33.28735,50.159714
KO,6.26653,32.288021,44.874374
OK,6.321314,33.305855,50.052486
KO,6.345966,32.325035,44.936634
OK,6.400817,33.305855,49.927963
KO,6.425403,32.325035,44.749851
OK,6.48032,33.28735,50.059406
KO,6.504839,32.362045,44.915882
OK,6.559823,33.28735,49.952175
KO,6.584275,32.325035,44.787899
OK,6.639326,33.305855,50.04557
KO,6.663711,32.306526,44.853619
OK,6.718829,33.32436,49.910667
KO,6.743148,32.34354,44.832867
OK,6.798332,33.250336,50.183929
KO,6.822584,32.306526,44.794815
OK,6.877835,33.305855,50.007519
KO,6.90202,32.325035,44.88475
OK,6.957338,33.305855,49.983307
KO,6.981456,32.269516,44.725636
OK,7.036841,33.268841,49.983307
KO,7.060892,32.325035,44.908962
OK,7.116344,33.28735,50.035191
KO,7.140329,32.306526,44.926258
OK,7.195847,33.305855,50.069782
KO,7.219765,32.288021,44.583817
OK,7.27535,33.28735,50.183929
KO,7.299201,32.34354,44.867455
OK,7.354853,33.28735,49.893372
KO,7.378637,32.325035,44.611488
OK,7.434356,33.305855,50.004059
KO,7.458074,32.325035,44.874374
OK,7.513859,33.305855,50.152798
KO,7.53751,32.325035,44.95739
OK,7.593362,33.268841,50.076698
KO,7.616946,32.288021,44.895126
OK,7.672865,33.305855,50.125126
KO,7.696382,32.306526,44.825947
OK,7.752368,33.305855,49.914127
KO,7.775818,32.306526,44.767143
OK,7.831871,33.32436,50.014439
KO,7.855255,32.34354,44.597652
OK,7.911375,33.28735,49.976387
KO,7.934691,32.288021,44.836323
OK,7.990878,33.305855,49.969471
KO,8.014127,32.362045,44.822487
OK,8.070381,33.305855,50.055946
KO,8.093563,32.325035,44.832867
OK,8.149884,33.32436,50.049026
KO,8.173,32.34354,44.895126
OK,8.229385,33.268841,50.055946
KO,8.252436,32.34354,44.839783
OK,8.308886,33.305855,50.135502
KO,8.331875,32.288021,44.829407
OK,8.388387,33.28735,50.024815
KO,8.411314,32.306526,44.915882
OK,8.467888,33.268841,50.055946
KO,8.490753,32.325035,44.822487
OK,8.547389,33.28735,50.059406
KO,8.570193,32.34354,44.964306
OK,8.62689,33.28735,49.969471
KO,8.649632,32.325035,44.787899
OK,8.706391,33.361374,49.948715
KO,8.729071,32.325035,44.912422
OK,8.785892,33.28735,49.671997
KO,8.80851,32.288021,44.777523
OK,8.865393,33.342865,49.87262
KO,8.887949,32.34354,44.853619
OK,8.944894,33.28735,50.059406
KO,8.967388,32.362045,44.88129
OK,9.024395,33.342865,49.910667
KO,9.046828,32.362045,44.784439
OK,9.103897,33.32436,50.062862
KO,9.126267,32.34354,44.777523
OK,9.183398,33.32436,49.959095
KO,9.205706,32.34354,44.867455
OK,9.262899,33.342865,49.900291
KO,9.285145,32.306526,44.787899
OK,9.3424,33.342865,50.04557
KO,9.364584,32.325035,44.784439
OK,9.421901,33.305855,50.100914
KO,9.444024,32.325035,44.902046
OK,9.501402,33.32436,50.069782
KO,9.523463,32.362045,44.908962
OK,9.580903,33.342865,50.062862
KO,9.602902,32.34354,44.635704
OK,9.660404,33.28735,49.879536
KO,9.682341,32.362045,44.88821
OK,9.739905,33.342865,49.969471
KO,9.76178,32.399059,44.767143
OK,9.819406,33.342865,50.035191
KO,9.841219,32.34354,44.929718
OK,9.898907,33.32436,49.972931
KO,9.920659,32.362045,44.905506
OK,9.978408,33.305855,49.903751
KO,10.000098,32.362045,44.812111
OK,10.05791,33.342865,50.035191
KO,10.079537,32.38055,44.774063
OK,10.137411,33.32436,49.934879
KO,10.158976,32.362045,44.794815
OK,10.216921,33.28735,50.052486
KO,10.238415,32.362045,44.777523
OK,10.296431,33.305855,50.100914
KO,10.317859,32.34354,44.89167
OK,10.375942,33.305855,50.004059
KO,10.397303,32.38055,44.742931
OK,10.455452,33.32436,49.986767
KO,10.476747,32.362045,44.808651
OK,10.534962,33.342865,49.952175
KO,10.556191,32.38055,44.902046
OK,10.614473,33.32436,50.049026
KO,10.635635,32.34354,44.905506
OK,10.693983,33.250336,50.066322
KO,10.715079,32.38055,44.784439
OK,10.773493,33.305855,49.934879
KO,10.794523,32.34354,44.680668
OK,10.853004,33.305855,49.889915
KO,10.873967,32.399059,44.777523
OK,10.932514,33.268841,50.031731
KO,10.953411,32.38055,44.912422
OK,11.012024,33.28735,50.004059
KO,11.032855,32.38055,44.870914
OK,11.091535,33.342865,50.052486
KO,11.112299,32.38055,44.933178
OK,11.171045,33.305855,50.024815
KO,11.191743,32.38055,44.746391
OK,11.250555,33.28735,50.090534
KO,11.271187,32.362045,44.846703
OK,11.330066,33.268841,49.979847
KO,11.350631,32.399059,44.729095
OK,11.409576,33.28735,49.972931
KO,11.430075,32.38055,44.88129
OK,11.489086,33.342865,50.028275
KO,11.509519,32.436069,44.88129
OK,11.568597,33.305855,50.073242
KO,11.588963,32.38055,44.898586
OK,11.648107,33.268841,49.952175
KO,11.668407,32.399059,44.732555
OK,11.727617,33.268841,50.132042
KO,11.747851,32.399059,44.7118
OK,11.807128,33.305855,50.073242
KO,11.827295,32.362045,44.663376
OK,11.886638,33.305855,49.855324
KO,11.906739,32.38055,44.670292
OK,11.966148,33.28735,49.900291
KO,11.986183,32.38055,44.608032
OK,12.045659,33.32436,49.990223
KO,12.065627,32.436069,44.656456
OK,12.125169,33.342865,50.007519
KO,12.14507,32.306526,44.857079
OK,12.204676,33.361374,50.10783
KO,12.224514,32.38055,44.825947
OK,12.284184,33.32436,49.959095
KO,12.303969,32.362045,44.71526
OK,12.363691,33.342865,50.087078
KO,12.383424,32.38055,44.874374
OK,12.443198,33.32436,49.844948
KO,12.462879,32.34354,44.618408
OK,12.522705,33.28735,50.062862
KO,12.542333,32.362045,44.753307
OK,12.602212,33.32436,49.844948
KO,12.621788,32.399059,44.677212
OK,12.68172,33.32436,49.907207
KO,12.701243,32.399059,44.912422
OK,12.761227,33.28735,49.993683
KO,12.780698,32.38055,44.756767
OK,12.840734,33.28735,50.017895
KO,12.860152,32.38055,44.822487
OK,12.920241,33.305855,50.170094
KO,12.939607,32.38055,44.898586
OK,12.999749,33.305855,50.035191
KO,13.019062,32.38055,44.608032
OK,13.079256,33.342865,50.073242
KO,13.098517,32.399059,44.812111
OK,13.158763,33.32436,50.024815
KO,13.177971,32.362045,44.729095
OK,13.23827,33.342865,49.924503
KO,13.257426,32.34354,44.825947
OK,13.317777,33.305855,49.993683
KO,13.336881,32.325035,44.736015
OK,13.397285,33.28735,50.017895
KO,13.416335,32.362045,44.805195
OK,13.476792,33.32436,49.966011
KO,13.49579,32.362045,44.912422
OK,13.556299,33.361374,49.955635
KO,13.575245,32.362045,44.736015
OK,13.635806,33.32436,49.907207
KO,13.6547,32.362045,44.808651
OK,13.715314,33.342865,49.889915
KO,13.734154,32.362045,44.898586
OK,13.794821,33.32436,49.976387
KO,13.813609,32.325035,44.808651
OK,13.874328,33.32436,49.990223
KO,13.893064,32.399059,44.922798
OK,13.953835,33.361374,50.076698
KO,13.972519,32.417564,44.722179
OK,14.033342,33.379879,50.004059
KO,14.051973,32.399059,44.850159
OK,14.11285,33.305855,50.080158
KO,14.131428,32.362045,44.704884
OK,14.192364,33.342865,49.948715
KO,14.210883,32.38055,44.860538
OK,14.271879,33.32436,49.983307
KO,14.290342,32.399059,44.843243
OK,14.351394,33.361374,50.004059
KO,14.369801,32.362045,44.756767
OK,14.430909,33.361374,50.014439
KO,14.449261,32.417564,44.843243
OK,14.510424,33.32436,49.990223
KO,14.52872,32.399059,45.01965
OK,14.589939,33.361374,49.952175
KO,14.608179,32.399059,44.926258
OK,14.669454,33.342865,49.879536
KO,14.687639,32.362045,44.822487
OK,14.748969,33.28735,50.004059
KO,14.767098,32.399059,44.763687
OK,14.828484,33.342865,49.827652
KO,14.846557,32.38055,44.877831
OK,14.907998,33.305855,49.986767
KO,14.926016,32.436069,44.812111
OK,14.987513,33.32436,49.952175
KO,15.005476,32.38055,44.877831
OK,15.067028,33.28735,49.927963
KO,15.084935,32.362045,44.732555
OK,15.146543,33.342865,50.007519
KO,15.164394,32.38055,44.774063
OK,15.226058,33.32436,49.889915
KO,15.243854,32.399059,44.680668
OK,15.305573,33.361374,50.10437
KO,15.323313,32.399059,44.88475
OK,15.385088,33.361374,49.896832
KO,15.402772,32.362045,44.725636
OK,15.464603,33.361374,49.810356
KO,15.482231,32.38055,44.684128
OK,15.544118,33.398384,49.79652
KO,15.561691,32.38055,44.684128
OK,15.623632,33.342865,50.055946
KO,15.64115,32.362045,44.756767
OK,15.703147,33.342865,50.059406
KO,15.720609,32.38055,44.704884
OK,15.782662,33.342865,50.090534
KO,15.800069,32.38055,44.659916
OK,15.862177,33.361374,49.820732
KO,15.879528,32.38055,44.905506
OK,15.941692,33.361374,49.972931
KO,15.958987,32.362045,44.701424
OK,16.021207,33.28735,49.938339
KO,16.038446,32.34354,44.777523
OK,16.100722,33.361374,50.038651
KO,16.117906,32.362045,44.89167
OK,16.180227,33.342865,49.948715
KO,16.197365,32.38055,44.701424
OK,16.259731,33.32436,49.979847
KO,16.276832,32.399059,44.836323
OK,16.339236,33.305855,49.917587
KO,16.356298,32.417564,44.659916
OK,16.418741,33.32436,49.834568
KO,16.435765,32.417564,44.822487
OK,16.498246,33.342865,49.87608
KO,16.515231,32.417564,44.829407
OK,16.57775,33.32436,49.765388
KO,16.594698,32.38055,44.725636
OK,16.657255,33.342865,49.938339
KO,16.674165,32.417564,44.767143
OK,16.73676,33.268841,49.927963
KO,16.753631,32.399059,44.805195
OK,16.816264,33.28735,50.004059
KO,16.833098,32.417564,44.594196
OK,16.895769,33.361374,49.986767
KO,16.912564,32.38055,44.718719
OK,16.975274,33.32436,50.076698
KO,16.992031,32.399059,44.787899
OK,17.054779,33.32436,49.889915
KO,17.071498,32.436069,44.89167
OK,17.134283,33.361374,49.972931
KO,17.150964,32.417564,44.71526
OK,17.213788,33.32436,49.900291
KO,17.230431,32.436069,44.791359
OK,17.293293,33.32436,50.076698
KO,17.309897,32.417564,44.684128
OK,17.372798,33.28735,49.775768
KO,17.389364,32.436069,44.819031
OK,17.452302,33.342865,49.983307
KO,17.468831,32.436069,44.542309
OK,17.531807,33.32436,50.118206
KO,17.548297,32.436069,44.708344
OK,17.611312,33.32436,49.952175
KO,17.627764,32.436069,44.739471
OK,17.690817,33.361374,49.841488
KO,17.707231,32.38055,44.808651
OK,17.770321,33.361374,49.848408
KO,17.786697,32.417564,44.64608
OK,17.849826,33.28735,50.069782
KO,17.866164,32.436069,44.794815
OK,17.929331,33.342865,50.062862
KO,17.94563,32.454575,44.787899
OK,18.008836,33.361374,49.841488
KO,18.025097,32.491589,44.64954
OK,18.08834,33.342865,49.86916
KO,18.104564,32.454575,44.819031
OK,18.167854,33.342865,50.007519
KO,18.18403,32.436069,44.774063
OK,18.247367,33.305855,49.962551
KO,18.263485,32.417564,44.652996
OK,18.32688,33.305855,49.862244
KO,18.34294,32.491589,44.756767
OK,18.406394,33.305855,49.768848
KO,18.422396,32.454575,44.718719
OK,18.485907,33.28735,49.945259
KO,18.501851,32.436069,44.694508
OK,18.56542,33.305855,49.813816
KO,18.581306,32.454575,44.718719
OK,18.644934,33.305855,50.004059
KO,18.660761,32.454575,44.680668
OK,18.724447,33.32436,49.948715
KO,18.740216,32.38055,44.659916
OK,18.803961,33.361374,49.889915
KO,18.819671,32.473083,44.787899
OK,18.883474,33.379879,50.083618
KO,18.899127,32.436069,44.677212
OK,18.962987,33.342865,49.907207
KO,18.978582,32.510094,44.863995
OK,19.042501,33.342865,50.090534
KO,19.058037,32.491589,44.746391
OK,19.122014,33.342865,49.976387
KO,19.137492,32.510094,44.594196
OK,19.201527,33.398384,49.858784
KO,19.216947,32.491589,44.7118
OK,19.281041,33.32436,49.8657
KO,19.296402,32.491589,44.763687
OK,19.360554,33.32436,50.007519
KO,19.375857,32.510094,44.736015
OK,19.440067,33.361374,50.010979
KO,19.455313,32.436069,44.64262
OK,19.519581,33.305855,49.751553
KO,19.534768,32.454575,44.684128
OK,19.599094,33.342865,49.959095
KO,19.614223,32.38055,44.763687
OK,19.678608,33.361374,49.834568
KO,19.693678,32.436069,44.708344
OK,19.758121,33.342865,49.921043
KO,19.773133,32.417564,44.808651
OK,19.837634,33.342865,49.924503
KO,19.852588,32.417564,44.756767
OK,19.917148,33.32436,49.914127
KO,19.932043,32.436069,44.680668
OK,19.996661,33.361374,49.941799
KO,20.011499,32.510094,44.739471
OK,20.076174,33.379879,49.678917
KO,20.090954,32.473083,44.635704
OK,20.155687,33.305855,49.889915
KO,20.170409,32.454575,44.64262
OK,20.2352,33.416889,49.889915
KO,20.249865,32.454575,44.680668
OK,20.314712,33.361374,50.052486
KO,20.329322,32.473083,44.822487
OK,20.394225,33.342865,49.976387
KO,20.408778,32.436069,44.725636
OK,20.473738,33.361374,49.87608
KO,20.488235,32.454575,44.763687
OK,20.553251,33.416889,49.817276
KO,20.567691,32.436069,44.742931
OK,20.632763,33.342865,49.889915
KO,20.647148,32.417564,44.621868
OK,20.712276,33.342865,49.893372
KO,20.726604,32.454575,44.611488
OK,20.791789,33.379879,49.997143
KO,20.806061,32.399059,44.760227
OK,20.871301,33.32436,49.882996
KO,20.885517,32.491589,44.601112
OK,20.950814,33.342865,49.882996
KO,20.964974,32.454575,44.677212
OK,21.030327,33.342865,50.010979
KO,21.04443,32.510094,44.832867
OK,21.10984,33.305855,49.966011
KO,21.123887,32.491589,44.597652
OK,21.189352,33.305855,49.976387
KO,21.203343,32.417564,44.597652
OK,21.268865,33.361374,49.972931
KO,21.282799,32.473083,44.794815
OK,21.348378,33.305855,49.934879
KO,21.362256,32.473083,44.500801
OK,21.427891,33.342865,49.889915
KO,21.441712,32.491589,44.656456
OK,21.507403,33.361374,49.827652
KO,21.521169,32.454575,44.611488
OK,21.586916,33.32436,49.889915
KO,21.600625,32.491589,44.684128
OK,21.666429,33.32436,49.993683
KO,21.680082,32.454575,44.739471
OK,21.745941,33.342865,49.924503
KO,21.759538,32.454575,44.749851
OK,21.825454,33.361374,49.893372
KO,21.838995,32.436069,44.618408
OK,21.904967,33.342865,49.914127
KO,21.918451,32.454575,44.680668
OK,21.98448,33.342865,49.914127
KO,21.997908,32.473083,44.652996
OK,22.063992,33.342865,50.004059
KO,22.077364,32.454575,44.500801
OK,22.143481,33.342865,49.917587
KO,22.156821,32.454575,44.552689
OK,22.222969,33.32436,49.938339
KO,22.236287,32.454575,44.839783
OK,22.302457,33.379879,49.955635
KO,22.315753,32.510094,44.473129
OK,22.381946,33.32436,49.921043
KO,22.39522,32.454575,44.542309
OK,22.461434,33.342865,49.882996
KO,22.474686,32.491589,44.680668
OK,22.540922,33.342865,49.927963
KO,22.554152,32.473083,44.566525
OK,22.620411,33.361374,50.097454
KO,22.633618,32.473083,44.742931
OK,22.699899,33.342865,49.896832
KO,22.713085,32.491589,44.691048
OK,22.779388,33.32436,49.79652
KO,22.792551,32.473083,44.480049
OK,22.858876,33.342865,49.844948
KO,22.872017,32.491589,44.545769
OK,22.938364,33.342865,49.720425
KO,22.951484,32.473083,44.718719
OK,23.017853,33.361374,49.755013
KO,23.03095,32.528599,44.753307
OK,23.097341,33.379879,49.844948
KO,23.110416,32.473083,44.569981
OK,23.176829,33.342865,49.810356
KO,23.189883,32.510094,44.63916
OK,23.256318,33.361374,49.87262
KO,23.269349,32.491589,44.760227
OK,23.335806,33.361374,49.948715
KO,23.348815,32.436069,44.556145
OK,23.415294,33.361374,49.882996
KO,23.428282,32.528599,44.535393
OK,23.494783,33.379879,49.934879
KO,23.507748,32.510094,44.569981
OK,23.574271,33.361374,49.924503
KO,23.587214,32.473083,44.64954
OK,23.653759,33.361374,49.813816
KO,23.666681,32.528599,44.663376
OK,23.733248,33.379879,49.962551
KO,23.746147,32.510094,44.417786
OK,23.812736,33.342865,49.910667
KO,23.825613,32.528599,44.611488
OK,23.892225,33.361374,49.879536
KO,23.905079,32.510094,44.531933
OK,23.971713,33.342865,49.879536
KO,23.984546,32.473083,44.718719
OK,24.051201,33.379879,49.889915
KO,24.064012,32.491589,44.853619
OK,24.130705,33.32436,49.927963
KO,24.143478,32.473083,44.801735
OK,24.210208,33.361374,49.924503
KO,24.222954,32.491589,44.687588
OK,24.289712,33.361374,49.917587
KO,24.302431,32.510094,44.583817
OK,24.369216,33.32436,49.931423
KO,24.381907,32.510094,44.64954
OK,24.448719,33.342865,49.841488
KO,24.461383,32.491589,44.71526
OK,24.528223,33.361374,49.921043
KO,24.540859,32.528599,44.559605
OK,24.607726,33.398384,49.914127
KO,24.620335,32.491589,44.666832
OK,24.68723,33.398384,49.49213
KO,24.699811,32.491589,44.722179
OK,24.766733,33.342865,49.86916
KO,24.779287,32.510094,44.521557
OK,24.846237,33.379879,49.931423
KO,24.858763,32.491589,44.531933
OK,24.92574,33.379879,49.855324
KO,24.938239,32.528599,44.535393
OK,25.005244,33.379879,49.86916
KO,25.017715,32.454575,44.718719
OK,25.084748,33.342865,49.966011
KO,25.097191,32.510094,44.652996
OK,25.164251,33.361374,49.79306
KO,25.176667,32.510094,44.514637
OK,25.243755,33.361374,49.931423
KO,25.256143,32.547108,44.556145
OK,25.323258,33.361374,49.744637
KO,25.335619,32.510094,44.697964
OK,25.402762,33.379879,50.010979
KO,25.415096,32.528599,44.611488
OK,25.482265,33.361374,49.79306
KO,25.494572,32.510094,44.767143
OK,25.561769,33.398384,49.751553
KO,25.574048,32.547108,44.753307
OK,25.641273,33.416889,49.80344
KO,25.653524,32.473083,44.742931
OK,25.720776,33.379879,49.820732
KO,25.733,32.491589,44.697964
OK,25.80028,33.361374,49.789604
KO,25.812476,32.528599,44.431622
OK,25.879783,33.361374,49.945259
KO,25.891952,32.491589,44.504261
OK,25.959287,33.379879,49.820732
KO,25.971428,32.473083,44.493885
OK,26.03879,33.416889,49.979847
KO,26.050904,32.547108,44.559605
OK,26.118298,33.379879,49.79652
KO,26.13038,32.491589,44.701424
OK,26.197805,33.398384,50.028275
KO,26.20985,32.473083,44.673752
OK,26.277313,33.361374,49.86916
KO,26.289319,32.473083,44.659916
OK,26.35682,33.342865,49.761932
KO,26.368788,32.528599,44.497345
OK,26.436327,33.361374,49.8657
KO,26.448258,32.473083,44.566525
OK,26.515835,33.379879,49.976387
KO,26.527727,32.473083,44.64954
OK,26.595342,33.379879,49.8657
KO,26.607197,32.473083,44.569981
OK,26.674849,33.361374,49.997143
KO,26.686666,32.473083,44.597652
OK,26.754357,33.32436,49.993683
KO,26.766136,32.491589,44.545769
OK,26.833864,33.342865,49.758472
KO,26.845605,32.528599,44.736015
OK,26.913371,33.361374,49.824192
KO,26.925074,32.491589,44.618408
OK,26.992879,33.398384,50.017895
KO,27.004544,32.491589,44.594196
OK,27.072386,33.379879,49.831112
KO,27.084013,32.510094,44.5769
OK,27.151894,33.361374,49.921043
KO,27.163483,32.491589,44.611488
OK,27.231401,33.379879,49.79652
KO,27.242952,32.528599,44.590736
OK,27.310908,33.342865,49.927963
KO,27.322422,32.510094,44.493885
OK,27.390416,33.361374,49.927963
KO,27.401891,32.491589,44.680668
OK,27.469923,33.379879,49.86916
KO,27.48136,32.454575,44.386654
OK,27.54943,33.379879,49.955635
KO,27.56083,32.473083,44.504261
OK,27.628938,33.361374,50.024815
KO,27.640299,32.491589,44.566525
OK,27.708445,33.379879,49.900291
KO,27.719769,32.510094,44.659916
OK,27.787952,33.379879,49.844948
KO,27.799238,32.473083,44.563065
OK,27.86746,33.361374,49.962551
KO,27.878708,32.491589,44.459293
OK,27.946967,33.398384,49.834568
KO,27.958177,32.491589,44.594196
OK,28.026475,33.379879,49.810356
KO,28.037647,32.528599,44.684128
OK,28.105987,33.379879,49.79998
KO,28.117116,32.510094,44.556145
OK,28.185498,33.379879,49.79306
KO,28.196583,32.491589,44.670292
OK,28.26501,33.416889,49.765388
KO,28.276049,32.473083,44.673752
OK,28.344522,33.379879,49.896832
KO,28.355516,32.491589,44.531933
OK,28.424034,33.379879,49.907207
KO,28.434982,32.528599,44.569981
OK,28.503546,33.361374,50.004059
KO,28.514449,32.528599,44.760227
OK,28.583058,33.398384,49.976387
KO,28.593915,32.547108,44.483505
OK,28.66257,33.398384,49.768848
KO,28.673382,32.491589,44.590736
OK,28.742082,33.342865,49.966011
KO,28.752849,32.528599,44.473129
OK,28.821594,33.32436,49.896832
KO,28.832315,32.510094,44.663376
OK,28.901106,33.398384,49.838028
KO,28.911782,32.491589,44.563065
OK,28.980618,33.398384,49.900291
KO,28.991248,32.510094,44.587276
OK,29.060129,33.398384,49.692753
KO,29.070715,32.510094,44.507721
OK,29.139641,33.361374,49.879536
KO,29.150181,32.528599,44.760227
OK,29.219153,33.361374,49.934879
KO,29.229648,32.547108,44.525017
OK,29.298665,33.379879,49.886456
KO,29.309115,32.528599,44.590736
OK,29.378177,33.379879,49.834568
KO,29.388581,32.510094,44.677212
OK,29.457689,33.361374,49.976387
KO,29.468048,32.528599,44.597652
OK,29.537201,33.398384,49.879536
KO,29.547514,32.510094,44.604572
OK,29.616713,33.398384,49.844948
KO,29.626981,32.547108,44.635704
OK,29.696225,33.361374,49.699669
KO,29.706447,32.547108,44.542309
OK,29.775737,33.379879,49.969471
KO,29.785914,32.528599,44.448917
OK,29.855249,33.398384,49.903751
KO,29.865381,32.491589,44.614948
OK,29.934761,33.361374,49.889915
KO,29.944847,32.547108,44.40741
OK,30.014272,33.361374,49.927963
KO,30.024314,32.510094,44.435081
OK,30.093786,33.305855,49.79998
KO,30.10378,32.528599,44.5769
OK,30.1733,33.361374,49.862244
KO,30.183247,32.565613,44.559605
OK,30.252814,33.361374,50.004059
KO,30.262713,32.528599,44.656456
OK,30.332328,33.416889,50.021355
KO,30.34218,32.473083,44.545769
OK,30.411842,33.398384,49.824192
KO,30.421646,32.510094,44.372818
OK,30.491356,33.416889,49.914127
KO,30.501112,32.510094,44.545769
OK,30.57087,33.416889,49.851864
KO,30.580579,32.547108,44.466213
OK,30.650384,33.379879,49.87608
KO,30.660045,32.510094,44.424706
OK,30.729898,33.379879,49.813816
KO,30.739512,32.547108,44.431622
OK,30.809412,33.416889,49.633949
KO,30.818978,32.510094,44.483505
OK,30.888926,33.398384,49.900291
KO,30.898444,32.547108,44.549229
OK,30.96844,33.361374,49.86916
KO,30.977911,32.528599,44.601112
OK,31.047954,33.361374,49.806896
KO,31.057377,32.473083,44.500801
OK,31.127468,33.379879,49.810356
KO,31.136844,32.491589,44.476589
OK,31.206982,33.379879,49.910667
KO,31.21631,32.528599,44.535393
OK,31.286496,33.379879,49.716965
KO,31.295777,32.528599,44.421246
OK,31.36601,33.398384,49.848408
KO,31.375243,32.547108,44.611488
OK,31.445524,33.379879,49.941799
KO,31.454709,32.491589,44.538853
OK,31.525038,33.416889,49.959095
KO,31.534176,32.473083,44.587276
OK,31.604552,33.379879,49.903751
KO,31.613642,32.491589,44.687588
OK,31.684066,33.398384,49.941799
KO,31.693109,32.510094,44.500801
OK,31.76358,33.398384,49.86916
KO,31.772575,32.510094,44.493885
OK,31.843094,33.398384,50.087078
KO,31.852041,32.510094,44.40741
OK,31.922608,33.379879,49.990223
KO,31.931508,32.491589,44.445457
OK,32.002122,33.379879,49.834568
KO,32.010974,32.491589,44.459293
OK,32.081635,33.398384,49.661621
KO,32.090441,32.528599,44.608032
OK,32.161148,33.398384,49.879536
KO,32.169905,32.528599,44.64954
OK,32.240661,33.398384,50.028275
KO,32.24937,32.528599,44.504261
OK,32.320174,33.416889,49.734261
KO,32.328835,32.528599,44.677212
OK,32.399687,33.361374,49.848408
KO,32.408299,32.491589,44.594196
OK,32.4792,33.379879,49.87262
KO,32.487764,32.547108,44.518097
OK,32.558713,33.398384,49.824192
KO,32.567229,32.510094,44.618408
OK,32.638226,33.416889,49.80344
KO,32.646693,32.528599,44.514637
OK,32.717739,33.379879,49.720425
KO,32.726158,32.510094,44.545769
OK,32.797252,33.398384,49.903751
KO,32.805623,32.454575,44.528473
OK,32.876765,33.398384,49.56131
KO,32.885087,32.528599,44.397034
OK,32.956278,33.379879,49.886456
KO,32.964552,32.510094,44.652996
OK,33.035791,33.379879,49.810356
KO,33.044016,32.547108,44.525017
OK,33.115304,33.416889,49.79998
KO,33.123481,32.528599,44.528473
OK,33.194816,33.416889,49.779224
KO,33.202946,32.491589,44.504261
OK,33.274329,33.398384,49.87262
KO,33.28241,32.491589,44.41087
OK,33.353842,33.398384,49.827652
KO,33.361875,32.528599,44.452377
OK,33.433355,33.361374,49.910667
KO,33.44134,32.510094,44.452377
OK,33.512868,33.379879,49.824192
KO,33.520804,32.547108,44.352066
OK,33.592381,33.379879,49.927963
KO,33.600269,32.473083,44.493885
OK,33.671894,33.379879,49.855324
KO,33.679734,32.528599,44.552689
OK,33.751407,33.379879,49.955635
KO,33.759198,32.510094,44.504261
OK,33.83092,33.342865,49.689293
KO,33.838663,32.510094,44.511181
OK,33.910433,33.305855,49.782684
KO,33.918128,32.528599,44.445457
OK,33.989946,33.379879,49.838028
KO,33.997592,32.528599,44.566525
OK,34.069462,33.398384,49.668537
KO,34.077057,32.547108,44.483505
OK,34.148978,33.379879,49.903751
KO,34.156524,32.528599,44.528473
OK,34.228494,33.398384,49.789604
KO,34.235992,32.491589,44.469669
OK,34.30801,33.379879,49.751553
KO,34.315459,32.528599,44.538853
OK,34.387526,33.342865,49.907207
KO,34.394926,32.528599,44.483505
OK,34.467042,33.361374,49.945259
KO,34.474394,32.528599,44.462753
OK,34.546558,33.398384,50.024815
KO,34.553861,32.547108,44.469669
OK,34.626074,33.435398,49.810356
KO,34.633329,32.528599,44.300182
OK,34.70559,33.379879,49.87262
KO,34.712796,32.528599,44.365902
OK,34.785106,33.342865,49.924503
KO,34.792263,32.528599,44.320934
OK,34.864622,33.398384,49.848408
KO,34.871731,32.510094,44.566525
OK,34.944138,33.453903,50.017895
KO,34.951198,32.454575,44.452377
OK,35.023654,33.379879,49.723881
KO,35.030666,32.565613,44.466213
OK,35.10317,33.416889,49.755013
KO,35.110133,32.547108,44.63916
OK,35.182686,33.416889,49.838028
KO,35.1896,32.528599,44.542309
OK,35.262202,33.453903,49.841488
KO,35.269068,32.510094,44.611488
OK,35.341718,33.398384,49.751553
KO,35.348535,32.436069,44.452377
OK,35.421234,33.435398,49.595898
KO,35.428003,32.491589,44.421246
OK,35.50075,33.416889,49.703129
KO,35.50747,32.528599,44.504261
OK,35.580266,33.435398,49.862244
KO,35.586937,32.510094,44.424706
OK,35.659782,33.361374,49.79998
KO,35.666405,32.510094,44.362442
OK,35.739298,33.416889,49.979847
KO,35.745872,32.454575,44.469669
OK,35.818813,33.398384,49.900291
KO,35.82534,32.510094,44.421246
OK,35.898329,33.361374,49.779224
KO,35.904807,32.473083,44.435081
OK,35.977845,33.435398,49.782684
KO,35.984274,32.510094,44.535393
OK,36.057352,33.435398,49.751553
KO,36.063742,32.473083,44.141068
OK,36.136859,33.435398,49.782684
KO,36.1432,32.510094,44.289803
OK,36.216366,33.379879,49.86916
KO,36.222658,32.547108,44.469669
OK,36.295873,33.435398,49.713505
KO,36.302116,32.528599,44.40741
OK,36.375379,33.379879,49.734261
KO,36.381573,32.510094,44.452377
OK,36.454886,33.398384,49.741177
KO,36.461031,32.473083,44.559605
OK,36.534393,33.398384,49.737717
KO,36.540489,32.528599,44.352066
OK,36.6139,33.416889,49.779224
KO,36.619947,32.510094,44.455833
OK,36.693407,33.398384,49.827652
KO,36.699405,32.510094,44.421246
OK,36.772913,33.416889,49.810356
KO,36.778863,32.510094,44.414326
OK,36.85242,33.416889,49.806896
KO,36.858321,32.473083,44.476589
OK,36.931927,33.435398,49.817276
KO,36.937779,32.473083,44.40741
OK,37.011434,33.453903,49.620113
KO,37.017237,32.528599,44.528473
OK,37.090941,33.435398,49.831112
KO,37.096695,32.510094,44.34169
OK,37.170447,33.398384,49.817276
KO,37.176153,32.528599,44.417786
OK,37.249954,33.416889,49.882996
KO,37.255611,32.510094,44.500801
OK,37.329461,33.379879,49.817276
KO,37.335069,32.528599,44.431622
OK,37.408968,33.398384,49.945259
KO,37.414527,32.547108,44.33823
OK,37.488475,33.453903,49.526718
KO,37.493985,32.528599,44.275967
OK,37.567981,33.453903,49.730801
KO,37.573442,32.510094,44.542309
OK,37.647488,33.416889,49.810356
KO,37.6529,32.510094,44.466213
OK,37.726995,33.435398,49.855324
KO,37.732358,32.547108,44.476589
OK,37.806502,33.416889,49.824192
KO,37.811816,32.565613,44.393574
OK,37.886009,33.435398,49.710045
KO,37.891274,32.510094,44.684128
OK,37.965515,33.398384,49.841488
KO,37.970732,32.491589,44.376278
OK,38.045028,33.472408,49.775768
KO,38.05019,32.547108,44.504261
OK,38.124541,33.435398,49.879536
KO,38.129639,32.491589,44.511181
OK,38.204054,33.435398,49.761932
KO,38.209089,32.510094,44.518097
OK,38.283567,33.416889,49.779224
KO,38.288538,32.528599,44.452377
OK,38.36308,33.453903,49.959095
KO,38.367988,32.528599,44.383198
OK,38.442593,33.416889,49.820732
KO,38.447437,32.565613,44.428162
OK,38.522106,33.435398,49.86916
KO,38.526886,32.547108,44.345146
OK,38.601619,33.472408,49.844948
KO,38.606336,32.510094,44.825947
OK,38.681132,33.472408,49.775768
KO,38.685785,32.491589,44.40395
OK,38.760645,33.472408,49.703129
KO,38.765235,32.528599,44.417786
OK,38.840158,33.453903,49.844948
KO,38.844684,32.510094,44.486965
OK,38.919671,33.435398,49.86916
KO,38.924133,32.528599,44.272507
OK,38.999184,33.453903,49.765388
KO,39.003583,32.528599,44.307098
OK,39.078697,33.472408,49.831112
KO,39.083032,32.510094,44.452377
OK,39.15821,33.435398,49.737717
KO,39.162482,32.528599,44.500801
OK,39.237723,33.472408,49.87262
KO,39.241931,32.510094,44.393574
OK,39.317236,33.472408,49.824192
KO,39.32138,32.528599,44.604572
OK,39.396749,33.398384,49.959095
KO,39.40083,32.510094,44.435081
OK,39.476262,33.453903,49.761932
KO,39.480279,32.491589,44.566525
OK,39.555775,33.435398,49.831112
KO,39.559729,32.547108,44.5769
OK,39.635288,33.398384,49.896832
KO,39.639178,32.528599,44.127232
OK,39.714801,33.416889,49.741177
KO,39.718627,32.510094,44.497345
OK,39.794314,33.453903,49.779224
KO,39.798077,32.528599,44.314018
OK,39.873827,33.453903,49.768848
KO,39.877526,32.528599,44.497345
OK,39.95334,33.472408,49.824192
KO,39.956976,32.528599,44.369362
OK,40.032854,33.416889,49.544014
KO,40.036425,32.510094,44.352066
OK,40.112369,33.490913,49.80344
KO,40.115883,32.528599,44.531933
OK,40.191883,33.435398,49.855324
KO,40.195342,32.510094,44.348606
OK,40.271397,33.435398,49.820732
KO,40.2748,32.547108,44.34169
OK,40.350911,33.398384,49.952175
KO,40.354258,32.547108,44.518097
OK,40.430425,33.435398,49.817276
KO,40.433717,32.528599,44.486965
OK,40.509939,33.435398,49.879536
KO,40.513175,32.528599,44.455833
OK,40.589453,33.416889,49.79306
KO,40.592634,32.491589,44.355526
OK,40.668967,33.435398,49.723881
KO,40.672092,32.510094,44.521557
OK,40.748481,33.435398,49.779224
KO,40.75155,32.547108,44.514637
OK,40.827995,33.398384,49.882996
KO,40.831009,32.547108,44.438541
OK,40.90751,33.416889,49.914127
KO,40.910467,32.491589,44.282887
OK,40.987024,33.398384,49.772308
KO,40.989925,32.473083,44.369362
OK,41.066538,33.435398,49.550934
KO,41.069384,32.528599,44.397034
OK,41.146052,33.435398,49.931423
KO,41.148842,32.491589,44.310558
OK,41.225566,33.398384,49.858784
KO,41.228301,32.547108,44.414326
OK,41.30508,33.416889,49.983307
KO,41.307759,32.565613,44.345146
OK,41.384594,33.435398,49.696209
KO,41.387217,32.565613,44.441998
OK,41.464108,33.416889,49.727341
KO,41.466676,32.547108,44.504261
OK,41.543622,33.398384,49.858784
KO,41.546134,32.528599,44.362442
OK,41.623136,33.398384,49.813816
KO,41.625592,32.547108,44.41087
OK,41.70265,33.398384,49.924503
KO,41.705051,32.565613,44.424706
OK,41.782165,33.472408,49.706589
KO,41.784509,32.565613,44.455833
OK,41.861679,33.416889,49.751553
KO,41.863968,32.510094,44.372818
OK,41.941193,33.416889,49.772308
KO,41.943426,32.491589,44.414326
OK,42.020706,33.379879,49.858784
KO,42.022884,32.565613,44.445457
OK,42.100219,33.435398,49.79652
KO,42.102344,32.528599,44.40741
OK,42.179733,33.398384,49.699669
KO,42.181804,32.528599,44.241379
OK,42.259246,33.453903,49.907207
KO,42.261264,32.528599,44.314018
OK,42.338759,33.416889,49.806896
KO,42.340724,32.528599,44.224083
OK,42.418273,33.435398,49.914127
KO,42.420184,32.565613,44.490425
OK,42.497786,33.453903,49.851864
KO,42.499644,32.547108,44.414326
OK,42.577299,33.435398,49.682373
KO,42.579104,32.584118,44.455833
OK,42.656812,33.435398,49.827652
KO,42.658564,32.510094,44.279427
OK,42.736326,33.416889,49.855324
KO,42.738024,32.547108,44.275967
OK,42.815839,33.435398,49.775768
KO,42.817484,32.510094,44.362442
OK,42.895352,33.416889,49.862244
KO,42.896944,32.528599,44.362442
OK,42.974866,33.398384,49.79652
KO,42.976404,32.547108,44.362442
OK,43.054379,33.435398,49.685833
KO,43.055864,32.510094,44.438541
OK,43.133892,33.416889,49.889915
KO,43.135324,32.528599,44.345146
OK,43.213405,33.453903,49.665081
KO,43.214784,32.528599,44.428162
OK,43.292919,33.416889,49.772308
KO,43.294244,32.547108,44.355526
OK,43.372432,33.416889,49.786144
KO,43.373704,32.528599,44.355526
OK,43.451945,33.435398,49.810356
KO,43.453164,32.528599,44.459293
OK,43.531459,33.398384,49.730801
KO,43.532624,32.510094,44.424706
OK,43.610972,33.435398,49.87262
KO,43.612084,32.547108,44.324394
OK,43.690485,33.416889,49.786144
KO,43.691544,32.528599,44.386654
OK,43.769999,33.435398,49.886456
KO,43.771004,32.565613,44.275967
OK,43.849512,33.453903,49.8657
KO,43.850464,32.565613,44.369362
OK,43.929025,33.435398,49.848408
KO,43.929924,32.565613,44.421246
OK,44.00854,33.435398,49.675457
KO,44.009384,32.510094,44.369362
OK,44.088056,33.435398,49.862244
KO,44.088844,32.528599,44.272507
OK,44.167571,33.453903,49.630489
KO,44.168305,32.547108,44.314018
OK,44.247086,33.435398,49.692753
KO,44.247766,32.547108,44.379738
OK,44.326601,33.472408,49.86916
KO,44.327227,32.547108,44.345146
OK,44.406116,33.435398,49.79306
KO,44.406688,32.565613,44.307098
OK,44.485631,33.435398,49.727341
KO,44.486149,32.565613,44.355526
OK,44.565147,33.398384,49.727341
KO,44.565609,32.528599,44.514637
OK,44.644662,33.416889,49.838028
KO,44.64507,32.565613,44.414326
OK,44.724177,33.435398,49.810356
KO,44.724531,32.547108,44.480049
OK,44.803692,33.435398,49.775768
KO,44.803992,32.547108,44.383198
OK,44.883207,33.416889,49.972931
KO,44.883453,32.528599,44.244835
OK,44.962723,33.416889,49.844948
KO,44.962914,32.528599,44.303638
OK,45.042238,33.435398,49.79652
KO,45.042374,32.547108,44.269051
OK,45.121753,33.416889,49.86916
KO,45.121835,32.547108,44.314018
OK,45.201268,33.435398,49.834568
KO,45.201296,32.528599,44.435081
KO,45.280757,32.547108,44.154903
OK,45.280783,33.416889,50.007519
KO,45.360218,32.528599,44.251755
OK,45.360299,33.453903,49.862244
KO,45.439678,32.547108,44.327854
OK,45.439814,33.453903,49.779224
KO,45.519139,32.528599,44.275967
OK,45.519329,33.472408,49.727341
KO,45.5986,32.547108,44.352066
OK,45.598844,33.379879,49.616653
KO,45.678061,32.565613,44.282887
OK,45.678359,33.490913,49.955635
KO,45.757522,32.565613,44.303638
OK,45.757875,33.435398,49.637405
KO,45.836983,32.547108,44.597652
OK,45.83739,33.435398,49.671997
KO,45.916443,32.528599,44.480049
OK,45.916905,33.435398,49.685833
KO,45.995904,32.584118,44.34169
OK,45.996423,33.398384,49.761932
KO,46.075363,32.565613,44.272507
OK,46.07594,33.435398,49.765388
KO,46.154822,32.584118,44.348606
OK,46.155457,33.416889,49.744637
KO,46.234281,32.565613,44.324394
OK,46.234975,33.416889,49.831112
KO,46.313739,32.528599,44.262131
OK,46.314492,33.435398,49.844948
KO,46.393198,32.547108,44.275967
OK,46.39401,33.398384,49.710045
KO,46.472657,32.547108,44.327854
OK,46.473527,33.398384,49.813816
KO,46.552116,32.547108,44.40049
OK,46.553045,33.453903,49.969471
KO,46.631574,32.565613,44.279427
OK,46.632562,33.472408,49.713505
KO,46.711033,32.528599,44.563065
OK,46.71208,33.472408,49.599358
KO,46.790492,32.565613,44.175655
OK,46.791597,33.472408,49.703129
KO,46.869951,32.584118,44.538853
OK,46.871115,33.435398,49.744637
KO,46.949409,32.602623,44.269051
OK,46.950632,33.472408,49.703129
KO,47.028868,32.547108,44.33131
OK,47.03015,33.472408,49.748096
KO,47.108327,32.602623,44.303638
OK,47.109667,33.435398,49.86916
KO,47.187786,32.565613,44.40395
OK,47.189185,33.416889,49.751553
KO,47.267245,32.565613,44.40741
OK,47.268702,33.490913,49.727341
KO,47.346703,32.565613,44.255215
OK,47.34822,33.416889,49.720425
KO,47.426162,32.621132,44.358982
OK,47.427737,33.453903,49.692753
KO,47.505621,32.584118,44.310558
OK,47.507254,33.453903,49.744637
KO,47.58508,32.584118,44.445457
OK,47.586772,33.490913,49.720425
KO,47.664538,32.547108,44.282887
OK,47.666289,33.453903,49.723881
KO,47.743997,32.584118,44.348606
OK,47.745807,33.453903,49.87262
KO,47.823456,32.547108,44.078804
OK,47.825324,33.453903,49.706589
KO,47.902915,32.602623,44.459293
OK,47.904842,33.453903,49.79306
KO,47.982373,32.547108,44.289803
OK,47.984348,33.509422,49.990223
KO,48.061843,32.584118,44.279427
OK,48.063854,33.509422,49.751553
KO,48.141313,32.565613,44.324394
OK,48.14336,33.490913,49.537098
KO,48.220783,32.565613,44.352066
OK,48.222866,33.472408,49.706589
KO,48.300254,32.584118,44.303638
OK,48.302373,33.509422,49.647785
KO,48.379724,32.565613,44.431622
OK,48.381879,33.453903,49.685833
KO,48.459194,32.547108,44.352066
OK,48.461385,33.453903,49.730801
KO,48.538664,32.565613,44.376278
OK,48.540891,33.472408,49.744637
KO,48.618134,32.584118,44.324394
OK,48.620397,33.453903,49.8657
KO,48.697604,32.584118,44.417786
OK,48.699903,33.453903,49.789604
KO,48.777074,32.565613,44.293262
OK,48.77941,33.453903,49.727341
KO,48.856544,32.584118,44.58036
OK,48.858916,33.472408,49.727341
KO,48.936014,32.547108,44.511181
OK,48.938422,33.435398,49.727341
KO,49.015484,32.565613,44.365902
OK,49.017928,33.435398,49.775768
KO,49.094954,32.602623,44.386654
OK,49.097434,33.416889,49.588982
KO,49.174424,32.602623,44.459293
OK,49.17694,33.453903,49.761932
KO,49.253894,32.547108,44.33477
OK,49.256447,33.453903,49.779224
KO,49.333364,32.547108,44.310558
OK,49.335953,33.453903,49.862244
KO,49.412834,32.565613,44.397034
OK,49.415459,33.453903,49.696209
KO,49.492304,32.584118,44.480049
OK,49.494965,33.472408,49.855324
KO,49.571774,32.547108,44.227543
OK,49.574471,33.416889,49.813816
KO,49.651244,32.584118,44.286343
OK,49.653977,33.453903,49.661621
KO,49.730714,32.584118,44.116856
OK,49.733484,33.472408,49.741177
KO,49.810184,32.565613,44.307098
OK,49.81299,33.472408,49.699669
KO,49.889654,32.602623,44.123772
OK,49.892496,33.472408,49.889915
KO,49.969124,32.565613,44.362442
OK,49.972015,33.472408,49.806896
KO,50.048599,32.547108,44.262131
OK,50.051535,33.472408,49.671997
KO,50.128074,32.565613,44.40395
OK,50.131054,33.453903,49.675457
KO,50.20755,32.565613,44.255215
OK,50.210574,33.435398,49.851864
KO,50.287025,32.528599,44.431622
OK,50.290094,33.472408,49.571686
KO,50.3665,32.602623,44.362442
OK,50.369613,33.416889,49.730801
KO,50.445976,32.565613,44.320934
OK,50.449133,33.435398,49.661621
KO,50.525451,32.584118,44.365902
OK,50.528652,33.472408,49.758472
KO,50.604926,32.565613,44.34169
OK,50.608172,33.453903,49.782684
KO,50.684402,32.547108,44.172199
OK,50.687691,33.435398,49.772308
KO,50.763877,32.565613,44.459293
OK,50.767211,33.435398,49.734261
KO,50.843352,32.602623,44.314018
OK,50.84673,33.435398,49.703129
KO,50.922828,32.565613,44.186035
OK,50.92625,33.472408,49.810356
KO,51.002303,32.584118,44.175655
OK,51.005769,33.435398,49.716965
KO,51.081778,32.547108,44.538853
OK,51.085289,33.472408,49.723881
KO,51.161254,32.584118,44.248295
OK,51.164808,33.435398,49.810356
KO,51.240729,32.565613,44.272507
OK,51.244328,33.416889,49.841488
KO,51.320204,32.565613,44.289803
OK,51.323847,33.398384,49.56131
KO,51.39968,32.547108,44.33131
OK,51.403367,33.453903,49.879536
KO,51.479155,32.565613,44.372818
OK,51.482886,33.453903,49.706589
KO,51.55863,32.584118,44.227543
OK,51.562406,33.416889,49.86916
KO,51.638106,32.584118,44.324394
OK,51.641925,33.416889,49.979847
KO,51.717581,32.528599,44.279427
OK,51.721445,33.472408,49.748096
KO,51.797057,32.528599,44.286343
OK,51.800964,33.435398,49.786144
KO,51.876532,32.584118,44.441998
OK,51.880484,33.398384,49.824192
KO,51.956007,32.565613,44.006165
OK,51.959998,33.472408,49.761932
KO,52.03548,32.565613,44.300182
OK,52.039512,33.435398,49.637405
KO,52.114953,32.639637,44.293262
OK,52.119026,33.472408,49.609734
KO,52.194426,32.584118,44.320934
OK,52.198539,33.472408,49.775768
KO,52.273899,32.528599,44.203327
OK,52.278053,33.453903,49.813816
KO,52.353372,32.584118,44.348606
OK,52.357567,33.472408,49.748096
KO,52.432845,32.602623,44.317474
OK,52.437081,33.435398,49.627029
KO,52.512318,32.621132,44.33131
OK,52.516595,33.472408,49.768848
KO,52.591791,32.639637,44.213707
OK,52.596109,33.435398,49.671997
KO,52.671264,32.584118,44.352066
OK,52.675623,33.435398,49.727341
KO,52.750737,32.584118,44.241379
OK,52.755137,33.435398,49.806896
KO,52.830209,32.584118,44.203327
OK,52.834651,33.435398,49.682373
KO,52.909682,32.547108,44.393574
OK,52.914165,33.435398,49.751553
KO,52.989155,32.584118,44.310558
OK,52.993678,33.416889,49.654701
KO,53.068628,32.584118,44.33131
OK,53.073192,33.490913,49.775768
KO,53.148101,32.602623,44.220623
OK,53.152706,33.472408,49.87608
KO,53.227574,32.584118,44.282887
OK,53.23222,33.416889,49.703129
KO,53.307047,32.547108,44.289803
OK,53.311734,33.453903,49.848408
KO,53.38652,32.639637,44.213707
OK,53.391248,33.490913,49.689293
KO,53.465993,32.602623,44.414326
OK,53.470762,33.472408,49.79306
KO,53.545466,32.584118,44.179115
OK,53.550276,33.416889,49.685833
KO,53.624939,32.584118,44.206787
OK,53.62979,33.453903,49.768848
KO,53.704412,32.602623,44.248295
OK,53.709304,33.472408,49.727341
KO,53.783885,32.602623,44.372818
OK,53.788817,33.490913,49.671997
KO,53.863358,32.565613,44.303638
OK,53.868331,33.472408,49.727341
KO,53.942831,32.565613,44.0961
OK,53.94785,33.416889,49.834568
KO,54.022303,32.528599,44.085724
OK,54.027368,33.509422,49.744637
KO,54.101776,32.621132,44.203327
OK,54.106886,33.490913,49.55439
KO,54.181249,32.565613,44.09956
OK,54.186404,33.472408,49.79306
KO,54.260722,32.584118,44.09264
OK,54.265923,33.472408,49.637405
KO,54.340195,32.621132,44.269051
OK,54.345441,33.472408,49.602818
KO,54.419668,32.584118,44.192951
OK,54.424959,33.472408,49.654701
KO,54.499141,32.602623,44.282887
OK,54.504478,33.472408,49.831112
KO,54.578614,32.584118,44.154903
OK,54.583996,33.527927,49.848408
KO,54.658087,32.676647,44.158363
OK,54.663514,33.453903,49.779224
KO,54.737559,32.584118,44.123772
OK,54.743032,33.527927,49.851864
KO,54.817032,32.639637,44.386654
OK,54.822551,33.490913,49.772308
KO,54.896505,32.602623,44.303638
OK,54.902069,33.490913,49.834568
KO,54.975978,32.565613,44.244835
OK,54.981587,33.435398,49.654701
KO,55.055451,32.602623,44.34169
OK,55.061105,33.453903,49.806896
KO,55.134924,32.584118,44.113396
OK,55.140624,33.472408,49.654701
KO,55.214397,32.584118,44.348606
OK,55.220142,33.472408,49.737717
KO,55.29387,32.639637,44.175655
OK,55.29966,33.472408,49.79998
KO,55.373343,32.602623,44.282887
OK,55.379179,33.472408,49.609734
KO,55.452815,32.621132,44.300182
OK,55.458697,33.490913,49.661621
KO,55.532288,32.639637,44.206787
OK,55.538215,33.472408,49.824192
KO,55.611761,32.584118,44.386654
OK,55.617733,33.472408,49.755013
KO,55.691234,32.584118,44.199871
OK,55.697252,33.490913,49.827652
KO,55.770707,32.602623,44.217163
OK,55.77677,33.472408,49.779224
KO,55.85018,32.621132,44.272507
OK,55.856288,33.453903,49.786144
KO,55.929653,32.584118,44.33823
OK,55.935813,33.398384,49.80344
KO,56.009129,32.602623,44.275967
OK,56.015339,33.472408,49.848408
KO,56.088604,32.602623,44.327854
OK,56.094864,33.472408,49.703129
KO,56.16808,32.565613,44.369362
OK,56.174389,33.490913,49.737717
KO,56.247556,32.602623,44.237919
OK,56.253915,33.453903,49.658161
KO,56.327032,32.602623,44.189491
OK,56.33344,33.453903,49.609734
KO,56.406507,32.584118,44.462753
OK,56.412965,33.453903,49.817276
KO,56.485983,32.584118,44.206787
OK,56.49249,33.509422,49.530178
KO,56.565459,32.584118,44.362442
OK,56.572016,33.509422,49.571686
KO,56.644934,32.584118,44.272507
OK,56.651541,33.509422,49.640865
KO,56.72441,32.584118,44.224083
OK,56.731066,33.490913,49.665081
KO,56.803886,32.621132,44.199871
OK,56.810591,33.509422,49.730801
KO,56.883362,32.658142,44.348606
OK,56.890117,33.472408,49.633949
KO,56.962837,32.584118,44.137608
OK,56.969642,33.490913,49.706589
KO,57.042313,32.584118,44.199871
OK,57.049167,33.490913,49.741177
KO,57.121789,32.602623,44.217163
OK,57.128692,33.490913,49.710045
KO,57.201265,32.602623,44.369362
OK,57.208218,33.472408,49.651245
KO,57.28074,32.547108,44.327854
OK,57.287743,33.453903,49.751553
KO,57.360216,32.584118,44.296722
OK,57.367268,33.453903,49.703129
KO,57.439692,32.565613,44.314018
OK,57.446794,33.509422,49.696209
KO,57.519167,32.584118,44.282887
OK,57.526319,33.472408,49.689293
KO,57.598643,32.621132,44.206787
OK,57.605844,33.472408,49.716965
KO,57.678119,32.621132,44.296722
OK,57.685369,33.509422,49.741177
KO,57.757595,32.621132,44.272507
OK,57.764895,33.453903,49.699669
KO,57.83707,32.584118,44.158363
OK,57.84442,33.453903,49.592442
KO,57.916546,32.584118,44.141068
OK,57.923952,33.472408,49.727341
KO,57.996007,32.621132,44.224083
OK,58.003484,33.435398,49.80344
KO,58.075468,32.565613,44.241379
OK,58.083016,33.509422,49.896832
KO,58.154929,32.621132,44.275967
OK,58.162549,33.472408,49.806896
KO,58.234389,32.565613,44.269051
OK,58.242081,33.472408,49.8657
KO,58.31385,32.602623,44.293262
OK,58.321613,33.453903,49.789604
KO,58.393311,32.565613,44.199871
OK,58.401145,33.472408,49.761932
KO,58.472772,32.565613,44.372818
OK,58.480677,33.472408,49.582062
KO,58.552233,32.547108,44.186035
OK,58.56021,33.453903,49.692753
KO,58.631694,32.621132,44.199871
OK,58.639742,33.472408,49.668537
KO,58.711154,32.584118,44.320934
OK,58.719274,33.490913,49.544014
KO,58.790615,32.584118,44.210247
OK,58.798806,33.509422,49.671997
KO,58.870076,32.584118,44.227543
OK,58.878338,33.490913,49.817276
KO,58.949537,32.621132,44.241379
OK,58.95787,33.453903,49.741177
KO,59.028998,32.602623,44.33823
OK,59.037403,33.490913,49.651245
KO,59.108458,32.602623,44.348606
OK,59.116935,33.472408,49.734261
KO,59.187919,32.621132,44.02
OK,59.196467,33.472408,49.692753
KO,59.26738,32.602623,44.314018
OK,59.275999,33.472408,49.654701
KO,59.346841,32.602623,44.307098
OK,59.355531,33.472408,49.841488
KO,59.426302,32.602623,44.393574
OK,59.435063,33.472408,49.578606
KO,59.505763,32.621132,44.307098
OK,59.514596,33.472408,49.692753
KO,59.585223,32.584118,44.265591
OK,59.594128,33.490913,49.775768
KO,59.664684,32.547108,44.224083
OK,59.67366,33.490913,49.744637
KO,59.744145,32.565613,44.265591
OK,59.753192,33.509422,49.727341
KO,59.823606,32.584118,44.227543
OK,59.832724,33.490913,49.706589
KO,59.903067,32.621132,44.293262
OK,59.912257,33.472408,49.703129
KO,59.982522,32.565613,44.390114
OK,59.99179,33.472408,49.675457
KO,60.061978,32.565613,44.33131
OK,60.071323,33.472408,49.678917
KO,60.141434,32.547108,44.355526
OK,60.150856,33.509422,49.834568
KO,60.22089,32.547108,44.134148
OK,60.230389,33.490913,49.692753
KO,60.300346,32.602623,44.175655
OK,60.309922,33.435398,49.671997
KO,60.379802,32.602623,44.09956
OK,60.389455,33.490913,49.661621
KO,60.459257,32.565613,44.224083
OK,60.468988,33.435398,49.765388
KO,60.538713,32.621132,44.258671
OK,60.548521,33.453903,49.827652
KO,60.618169,32.565613,44.192951
OK,60.628054,33.490913,49.55439
KO,60.697625,32.584118,44.244835
OK,60.707587,33.490913,49.661621
KO,60.777081,32.584118,44.248295
OK,60.78712,33.509422,49.751553
KO,60.856536,32.547108,44.234459
OK,60.866653,33.472408,49.671997
KO,60.935992,32.621132,44.210247
OK,60.946186,33.490913,49.758472
KO,61.015448,32.584118,44.10302
OK,61.025719,33.453903,49.640865
KO,61.094904,32.621132,44.120312
OK,61.105252,33.490913,49.654701
KO,61.17436,32.547108,44.210247
OK,61.184785,33.527927,49.49213
KO,61.253815,32.565613,44.206787
OK,61.264318,33.490913,49.689293
KO,61.333271,32.565613,44.289803
OK,61.343851,33.490913,49.810356
KO,61.412727,32.565613,44.109936
OK,61.423384,33.472408,49.737717
KO,61.492183,32.584118,44.255215
OK,61.502917,33.472408,49.671997
KO,61.571639,32.565613,44.296722
OK,61.58245,33.490913,49.831112
KO,61.651094,32.584118,44.393574
OK,61.661983,33.453903,49.751553
KO,61.73055,32.547108,44.213707
OK,61.741516,33.509422,49.685833
KO,61.810006,32.584118,44.147984
OK,61.821049,33.490913,49.910667
KO,61.889462,32.584118,44.071888
OK,61.90058,33.490913,49.751553
KO,61.968914,32.584118,44.289803
OK,61.980111,33.509422,49.779224
KO,62.048365,32.547108,44.320934
OK,62.059642,33.509422,49.851864
KO,62.127817,32.528599,44.054592
OK,62.139173,33.490913,49.716965
KO,62.207269,32.565613,44.192951
OK,62.218704,33.527927,49.696209
KO,62.28672,32.565613,44.241379
OK,62.298234,33.472408,49.675457
KO,62.366172,32.510094,44.317474
OK,62.377765,33.490913,49.706589
KO,62.445624,32.584118,44.272507
OK,62.457296,33.509422,49.79306
KO,62.525076,32.510094,44.085724
OK,62.536827,33.509422,49.761932
KO,62.604527,32.584118,44.154903
OK,62.616358,33.509422,49.654701
KO,62.683979,32.565613,44.314018
OK,62.695889,33.490913,49.779224
KO,62.763431,32.584118,44.172199
OK,62.77542,33.509422,49.706589
KO,62.842882,32.528599,44.33131
OK,62.854951,33.527927,49.675457
KO,62.922334,32.547108,44.224083
OK,62.934482,33.527927,49.727341
KO,63.001786,32.547108,44.224083
OK,63.014013,33.527927,49.671997
KO,63.081238,32.547108,44.175655
OK,63.093544,33.490913,50.280781
KO,63.160689,32.528599,44.051132
OK,63.173075,33.509422,49.734261
KO,63.240141,32.565613,44.272507
OK,63.252606,33.509422,49.689293
KO,63.319593,32.565613,44.227543
OK,63.332137,33.527927,49.80344
KO,63.399044,32.584118,44.224083
OK,63.411667,33.509422,49.727341
KO,63.478496,32.565613,44.203327
OK,63.491198,33.490913,49.824192
KO,63.557948,32.565613,44.303638
OK,63.570729,33.509422,49.609734
KO,63.6374,32.547108,44.123772
OK,63.65026,33.509422,49.616653
KO,63.716851,32.565613,44.0961
OK,63.729791,33.435398,49.699669
KO,63.796303,32.584118,44.293262
OK,63.809322,33.527927,49.716965
KO,63.875755,32.584118,44.047672
OK,63.888865,33.509422,49.713505
KO,63.955205,32.565613,44.234459
OK,63.968408,33.490913,49.87608
KO,64.034656,32.547108,44.365902
OK,64.047951,33.509422,49.575146
KO,64.114106,32.565613,44.161819
OK,64.127494,33.490913,49.433327
KO,64.193557,32.565613,44.34169
OK,64.207037,33.472408,49.827652
KO,64.273007,32.547108,44.120312
OK,64.286579,33.453903,49.824192
KO,64.352458,32.565613,44.255215
OK,64.366122,33.453903,49.782684
KO,64.431908,32.565613,44.120312
OK,64.445665,33.416889,49.779224
KO,64.511359,32.565613,44.279427
OK,64.525208,33.490913,49.678917
KO,64.590809,32.547108,44.324394
OK,64.604751,33.490913,49.613194
KO,64.67026,32.547108,44.262131
OK,64.684294,33.472408,49.623569
KO,64.74971,32.565613,44.206787
OK,64.763837,33.472408,49.748096
KO,64.829161,32.602623,44.269051
OK,64.84338,33.490913,49.758472
KO,64.908611,32.584118,44.217163
OK,64.922923,33.472408,49.727341
KO,64.988062,32.584118,44.33477
OK,65.002465,33.472408,49.588982
KO,65.067513,32.565613,44.317474
OK,65.082008,33.527927,49.671997
KO,65.146963,32.565613,44.199871
OK,65.161551,33.527927,49.474834
KO,65.226414,32.565613,44.082264
OK,65.241094,33.472408,49.658161
KO,65.305864,32.602623,44.365902
OK,65.320637,33.472408,49.654701
KO,65.385315,32.584118,44.165279
OK,65.40018,33.509422,49.582062
KO,65.464765,32.565613,44.134148
OK,65.479723,33.564938,49.675457
KO,65.544216,32.602623,44.206787
OK,65.559266,33.509422,49.537098
KO,65.623666,32.584118,44.237919
OK,65.638809,33.527927,49.523262
KO,65.703117,32.602623,44.327854
OK,65.718351,33.527927,49.609734
KO,65.782567,32.565613,43.947365
OK,65.797894,33.490913,49.716965
KO,65.862018,32.602623,44.241379
OK,65.877435,33.509422,49.79998
KO,65.941497,32.565613,44.186035
OK,65.956976,33.490913,49.654701
KO,66.020976,32.602623,44.085724
OK,66.036517,33.509422,49.682373
KO,66.100455,32.565613,44.217163
OK,66.116058,33.509422,49.685833
KO,66.179934,32.602623,44.327854
OK,66.195599,33.509422,49.810356
KO,66.259413,32.584118,44.134148
OK,66.27514,33.527927,49.547474
KO,66.338893,32.565613,44.192951
OK,66.354681,33.472408,49.637405
KO,66.418372,32.565613,44.10302
OK,66.434222,33.490913,49.613194
KO,66.497851,32.584118,44.203327
OK,66.513763,33.546432,49.609734
KO,66.57733,32.547108,44.213707
OK,66.593303,33.472408,49.703129
KO,66.656809,32.602623,44.327854
OK,66.672844,33.472408,49.637405
KO,66.736288,32.565613,44.272507
OK,66.752385,33.472408,49.879536
KO,66.815767,32.584118,44.272507
OK,66.831926,33.509422,49.772308
KO,66.895247,32.584118,44.165279
OK,66.911467,33.509422,49.568226
KO,66.974726,32.621132,44.02346
OK,66.991008,33.509422,49.723881
KO,67.054205,32.658142,44.324394
OK,67.070549,33.490913,49.654701
KO,67.133684,32.602623,44.137608
OK,67.15009,33.509422,49.627029
KO,67.213163,32.565613,44.317474
OK,67.229631,33.490913,49.682373
KO,67.292642,32.584118,44.237919
OK,67.309172,33.509422,49.585522
KO,67.372121,32.584118,44.307098
OK,67.388713,33.509422,49.640865
KO,67.451601,32.584118,44.168739
OK,67.468254,33.509422,49.751553
KO,67.53108,32.658142,44.307098
OK,67.547794,33.509422,49.682373
KO,67.610559,32.621132,44.269051
OK,67.627335,33.527927,49.737717
KO,67.690038,32.621132,44.206787
OK,67.706876,33.472408,49.55785
KO,67.769517,32.621132,44.376278
OK,67.786417,33.472408,49.668537
KO,67.848996,32.639637,44.179115
OK,67.865962,33.472408,49.633949
KO,67.928474,32.584118,44.113396
OK,67.945507,33.527927,49.782684
KO,68.007952,32.658142,44.286343
OK,68.025052,33.509422,49.917587
KO,68.087429,32.639637,44.082264
OK,68.104597,33.472408,49.723881
KO,68.166907,32.602623,44.203327
OK,68.184142,33.472408,49.758472
KO,68.246384,32.565613,44.307098
OK,68.263687,33.509422,49.682373
KO,68.325862,32.584118,44.109936
OK,68.343232,33.472408,49.623569
KO,68.40534,32.602623,44.154903
OK,68.422777,33.509422,49.654701
KO,68.484817,32.621132,44.248295
OK,68.502322,33.527927,49.720425
KO,68.564295,32.621132,44.258671
OK,68.581867,33.509422,49.862244
KO,68.643773,32.602623,44.154903
OK,68.661412,33.490913,49.723881
KO,68.72325,32.621132,44.113396
OK,68.740957,33.453903,49.689293
KO,68.802728,32.621132,44.179115
OK,68.820502,33.509422,49.758472
KO,68.882206,32.584118,44.203327
OK,68.900047,33.509422,49.748096
KO,68.961683,32.602623,44.075344
OK,68.979592,33.509422,49.689293
KO,69.041161,32.602623,44.179115
OK,69.059137,33.490913,49.716965
KO,69.120638,32.584118,44.058052
OK,69.138682,33.527927,49.789604
KO,69.200116,32.658142,44.137608
OK,69.218228,33.564938,49.654701
KO,69.279594,32.584118,44.109936
OK,69.297773,33.509422,49.703129
KO,69.359071,32.621132,44.376278
OK,69.377318,33.527927,49.678917
KO,69.438549,32.621132,44.09956
OK,69.456863,33.527927,49.813816
KO,69.518027,32.602623,44.151443
OK,69.536408,33.509422,49.512882
KO,69.597504,32.621132,44.192951
OK,69.615953,33.509422,49.623569
KO,69.676982,32.565613,44.078804
OK,69.695498,33.527927,49.806896
KO,69.756459,32.602623,44.147984
OK,69.775043,33.527927,49.941799
KO,69.835937,32.602623,44.02
OK,69.854583,33.527927,49.79306
KO,69.915414,32.621132,44.109936
OK,69.934123,33.509422,49.79306
KO,69.994891,32.658142,44.196411
OK,70.013663,33.527927,49.817276
KO,70.074368,32.621132,44.286343
OK,70.093203,33.527927,49.720425
KO,70.153845,32.639637,44.182575
OK,70.172743,33.509422,49.633949
KO,70.233322,32.658142,44.206787
OK,70.252283,33.527927,49.585522
KO,70.312799,32.602623,44.134148
OK,70.331824,33.509422,49.523262
KO,70.392277,32.602623,44.058052
OK,70.411364,33.546432,49.675457
KO,70.471754,32.639637,44.10302
OK,70.490904,33.490913,49.699669
KO,70.551231,32.639637,44.182575
OK,70.570444,33.472408,49.914127
KO,70.630708,32.658142,44.227543
OK,70.649984,33.490913,49.616653
KO,70.710185,32.658142,44.269051
OK,70.729524,33.546432,49.599358
KO,70.789662,32.602623,44.006165
OK,70.809065,33.546432,49.675457
KO,70.869139,32.621132,44.058052
OK,70.888605,33.509422,49.79306
KO,70.948616,32.584118,44.192951
OK,70.968145,33.527927,49.675457
KO,71.028093,32.658142,44.172199
OK,71.047685,33.509422,49.654701
KO,71.10757,32.639637,44.272507
OK,71.127225,33.546432,49.765388
KO,71.187047,32.639637,44.116856
OK,71.206765,33.527927,49.817276
KO,71.266524,32.621132,44.186035
OK,71.286305,33.527927,49.86916
KO,71.346001,32.602623,44.033836
OK,71.365846,33.527927,49.713505
KO,71.425479,32.602623,44.127232
OK,71.445386,33.527927,49.730801
KO,71.504956,32.621132,44.013084
OK,71.524926,33.564938,49.699669
KO,71.584433,32.639637,43.957741
OK,71.604466,33.509422,49.786144
KO,71.66391,32.621132,44.158363
OK,71.684006,33.527927,49.654701
KO,71.743387,32.602623,44.224083
OK,71.763546,33.546432,49.741177
KO,71.822864,32.621132,44.02346
OK,71.843085,33.509422,49.703129
KO,71.902345,32.584118,44.175655
OK,71.922623,33.527927,49.689293
KO,71.981826,32.602623,44.269051
OK,72.002161,33.546432,49.647785
KO,72.061307,32.658142,44.279427
OK,72.0817,33.527927,49.768848
KO,72.140788,32.676647,44.02346
OK,72.161238,33.490913,49.651245
KO,72.220269,32.621132,44.037296
OK,72.240776,33.527927,49.654701
KO,72.29975,32.621132,44.172199
OK,72.320315,33.509422,49.955635
KO,72.379231,32.639637,44.358982
OK,72.399853,33.546432,49.675457
KO,72.458712,32.621132,44.390114
OK,72.479391,33.509422,49.647785
KO,72.538193,32.602623,44.141068
OK,72.55893,33.546432,49.79306
KO,72.617674,32.621132,44.417786
OK,72.638468,33.546432,49.782684
KO,72.697155,32.584118,44.106476
OK,72.718006,33.509422,49.730801
KO,72.776636,32.602623,44.158363
OK,72.797545,33.527927,49.789604
KO,72.856117,32.621132,44.061508
OK,72.877083,33.527927,49.689293
KO,72.935599,32.584118,44.272507
OK,72.956622,33.527927,49.668537
KO,73.01508,32.621132,44.255215
OK,73.03616,33.527927,49.706589
KO,73.094561,32.621132,44.192951
OK,73.115698,33.546432,49.699669
KO,73.174042,32.639637,43.947365
OK,73.195237,33.490913,49.706589
KO,73.253523,32.565613,44.082264
OK,73.274775,33.546432,49.86916
KO,73.333004,32.639637,44.08918
OK,73.354313,33.564938,49.55439
KO,73.412485,32.621132,44.244835
OK,73.433852,33.546432,49.710045
KO,73.491966,32.639637,44.186035
OK,73.51339,33.527927,49.775768
KO,73.571447,32.602623,44.206787
OK,73.592928,33.546432,49.609734
KO,73.650928,32.565613,44.255215
OK,73.672467,33.527927,49.741177
KO,73.730409,32.621132,44.141068
OK,73.752005,33.509422,49.768848
KO,73.80989,32.602623,44.175655
OK,73.831537,33.583447,49.678917
KO,73.889367,32.565613,44.08918
OK,73.911069,33.564938,49.568226
KO,73.968845,32.621132,44.234459
OK,73.9906,33.546432,49.474834
KO,74.048322,32.639637,44.154903
OK,74.070132,33.509422,49.651245
KO,74.127799,32.602623,44.040756
OK,74.149664,33.527927,49.689293
KO,74.207276,32.621132,44.08918
OK,74.229195,33.490913,49.692753
KO,74.286754,32.621132,44.182575
OK,74.308727,33.490913,49.727341
KO,74.366231,32.639637,44.282887
OK,74.388259,33.490913,49.8657
KO,74.445708,32.621132,44.199871
OK,74.467791,33.509422,49.765388
KO,74.525185,32.621132,44.168739
OK,74.547322,33.527927,49.761932
KO,74.604663,32.621132,44.02692
OK,74.626854,33.490913,49.761932
KO,74.68414,32.621132,44.113396
OK,74.706386,33.490913,49.706589
KO,74.763617,32.658142,44.130692
OK,74.785917,33.472408,49.79998
KO,74.843094,32.639637,44.203327
OK,74.865449,33.490913,49.699669
KO,74.922572,32.584118,44.141068
OK,74.944981,33.527927,49.630489
KO,75.002049,32.602623,44.269051
OK,75.024513,33.527927,49.786144
KO,75.081526,32.639637,44.196411
OK,75.104044,33.509422,49.689293
KO,75.161004,32.602623,44.241379
OK,75.183576,33.527927,49.765388
KO,75.240481,32.639637,44.075344
OK,75.263108,33.472408,49.820732
KO,75.319958,32.565613,44.09264
OK,75.342639,33.490913,49.727341
KO,75.399435,32.639637,44.203327
OK,75.422171,33.509422,49.751553
KO,75.478913,32.602623,44.013084
OK,75.501703,33.527927,49.713505
KO,75.55839,32.639637,44.199871
OK,75.581235,33.546432,49.692753
KO,75.637867,32.658142,44.213707
OK,75.660766,33.509422,49.578606
KO,75.717344,32.639637,44.189491
OK,75.740298,33.509422,49.640865
KO,75.796822,32.639637,44.172199
OK,75.819824,33.509422,49.637405
KO,75.876286,32.639637,44.258671
OK,75.899351,33.546432,49.55785
KO,75.955751,32.602623,44.317474
OK,75.978877,33.527927,49.737717
KO,76.035216,32.621132,44.0961
OK,76.058403,33.509422,49.716965
KO,76.114681,32.639637,44.09956
OK,76.13793,33.527927,49.730801
KO,76.194145,32.658142,44.106476
OK,76.217456,33.509422,49.734261
KO,76.27361,32.602623,44.210247
OK,76.296982,33.527927,49.744637
KO,76.353075,32.584118,44.192951
OK,76.376509,33.490913,49.661621
KO,76.43254,32.639637,44.192951
OK,76.456035,33.509422,49.734261
KO,76.512004,32.621132,44.151443
OK,76.535561,33.527927,49.758472
KO,76.591469,32.658142,44.210247
OK,76.615088,33.527927,49.668537
KO,76.670934,32.621132,44.196411
OK,76.694614,33.564938,49.696209
KO,76.750399,32.621132,44.054592
OK,76.77414,33.509422,49.806896
KO,76.829863,32.621132,44.058052
OK,76.853667,33.564938,49.768848
KO,76.909328,32.621132,44.047672
OK,76.933193,33.509422,49.786144
KO,76.988793,32.602623,44.192951
OK,77.012719,33.546432,49.79998
KO,77.068258,32.639637,44.227543
OK,77.092246,33.546432,49.779224
KO,77.147722,32.584118,44.040756
OK,77.171772,33.583447,49.758472
KO,77.227187,32.565613,44.217163
OK,77.251298,33.509422,49.786144
KO,77.306652,32.602623,44.147984
OK,77.330824,33.546432,49.582062
KO,77.386117,32.639637,44.210247
OK,77.410351,33.527927,49.879536
KO,77.465581,32.658142,44.154903
OK,77.489877,33.527927,49.689293
KO,77.545046,32.658142,44.258671
OK,77.569403,33.509422,49.727341
KO,77.624511,32.584118,44.109936
OK,77.64893,33.601952,49.682373
KO,77.703975,32.621132,44.234459
KO,77.78344,32.658142,44.09264
KO,77.862922,32.621132,44.120312
KO,77.942405,32.639637,44.165279
KO,78.021887,32.639637,44.054592
KO,78.101369,32.621132,44.179115
KO,78.180851,32.658142,44.082264
KO,78.260333,32.639637,44.085724
KO,78.339815,32.639637,44.230999
KO,78.419298,32.584118,44.061508
KO,78.49878,32.639637,44.137608
KO,78.578262,32.621132,44.293262
KO,78.657744,32.621132,44.141068
KO,78.737226,32.602623,44.230999
KO,78.816708,32.658142,44.172199
KO,78.89619,32.676647,44.144527
KO,78.975673,32.658142,43.964657
KO,79.055155,32.695156,44.127232
KO,79.134637,32.676647,44.116856
KO,79.214119,32.658142,44.044216
KO,79.293601,32.639637,44.10302
KO,79.373083,32.621132,44.116856
KO,79.452566,32.621132,44.165279
KO,79.532048,32.621132,44.175655
KO,79.61153,32.658142,44.154903
KO,79.691012,32.639637,44.02346
KO,79.770494,32.602623,44.075344
KO,79.849978,32.676647,44.199871
KO,79.929462,32.621132,44.199871
KO,80.008945,32.639637,44.282887
KO,80.088429,32.639637,44.051132
KO,80.167912,32.621132,44.054592
KO,80.247396,32.639637,44.120312
KO,80.32688,32.658142,44.009624
KO,80.406363,32.676647,44.189491
KO,80.485847,32.639637,44.172199
KO,80.565331,32.658142,44.286343
KO,80.644814,32.695156,44.172199
KO,80.724298,32.658142,44.220623
KO,80.803782,32.676647,43.940445
KO,80.883265,32.658142,44.33131
KO,80.962749,32.639637,44.040756
KO,81.042232,32.658142,44.123772
KO,81.121716,32.658142,44.058052
KO,81.2012,32.621132,44.137608
KO,81.280683,32.676647,44.123772
KO,81.360167,32.676647,44.134148
KO,81.439651,32.621132,44.051132
KO,81.519134,32.621132,44.116856
KO,81.598618,32.658142,44.109936
KO,81.678102,32.639637,44.09264
